s26c	" This is approach (2) (and it becomes clear its the extreme when you study the details).
"	"(s26a2 / and
       :op1 (s26a / approach-02
                  :ARG1 (s26t / this)
                  :ARG2 (s26t2 / thing
                               :ARG1-of (s26d / describe-01
                                              :ARG0 (s26p / publication
                                                          :ARG1-of (s26c / cite-01
                                                                         :ARG2 2)))))
       :op2 (s26b / become-01
                  :ARG1 (s26i / it)
                  :ARG2 (s26c2 / clear-06
                               :ARG1 (s26e / extreme))
                  :temporal (s26s / study-01
                                  :ARG0 (s26y / you)
                                  :ARG1 (s26t3 / thing
                                               :ARG1-of (s26d2 / detail-01)))))
"	bolt-eng-DF-170-181105-8850361_0028.26
