s26d	" This is approach (2) (and it becomes clear its the extreme when you study the details).
"	"(s26a2 / and
       :op1 (s26a / approach-02
                  :ARG1 (s26t / this)
                  :ARG2 (s26t2 / thing
                               :ARG1-of (s26d / describe-01
                                              :ARG0 (s26p / publication
                                                          :ARG1-of (s26c / cite-01
                                                                         :ARG2 2)))))
       :op2 (s26b / become-01
                  :ARG1 (s26i / it)
                  :ARG2 (s26c2 / clear-06
                               :ARG1 (s26e / extreme))
                  :temporal (s26s / study-01
                                  :ARG0 (s26y / you)
                                  :ARG1 (s26t3 / thing
                                               :ARG1-of (s26d2 / detail-01)))))
"	bolt-eng-DF-170-181105-8850361_0028.26
s31d2	" Atul Gawande wrote a much-discussed article on this topic in The New Yorker, The Cost Conundrum: What a Texas town can teach us about health care. There are wide geographic dispersions in medical care spending, and it cannot all be explained by different prices.
"	"(s31a4 / and
       :op1 (s31w / write-01
                   :ARG0 (s31p2 / person
                                :name (s31n2 / name
                                             :op1 ""Atul""
                                             :op2 ""Gawande"")
                                :wiki ""Atul_Gawande"")
                   :ARG1 (s31a / article
                               :ARG1-of (s31d / discuss-01
                                              :mod (s31m / much))
                               :topic (s31t / this)
                               :ARG1-of (s31d2 / describe-01
                                               :ARG0 (s31p3 / publication-91
                                                            :ARG1 (s31c / conundrum
                                                                        :topic (s31c2 / cost-01)
                                                                        :ARG1-of (s31m2 / mean-91
                                                                                        :ARG2 (s31p4 / possible-01
                                                                                                     :ARG1 (s31t2 / teach-01
                                                                                                                  :ARG0 (s31t3 / town
                                                                                                                               :place (s31s / state
                                                                                                                                            :name (s31n / name
                                                                                                                                                        :op1 ""Texas"")
                                                                                                                                            :wiki ""Texas""))
                                                                                                                  :ARG1 (s31c3 / care-03
                                                                                                                               :ARG1 (s31h / healthy))
                                                                                                                  :ARG2 (s31w2 / we))))))))
                   :place (s31m5 / magazine
                                 :name (s31n3 / name
                                              :op1 ""The""
                                              :op2 ""New""
                                              :op3 ""Yorker"")
                                 :wiki ""The_New_Yorker""))
       :op2 (s31a2 / and
                    :op1 (s31d3 / disperse-01
                                :ARG1 (s31s2 / spend-01
                                             :ARG1 (s31c4 / care-03
                                                          :mod (s31m4 / medicine)))
                                :mod (s31g / geography)
                                :ARG1-of (s31w3 / wide-02))
                    :op2 (s31p / possible-01
                               :ARG1 (s31e / explain-01
                                           :ARG0 (s31p5 / price
                                                        :ARG1-of (s31d4 / differ-02))
                                           :ARG1 (s31d5 / disperse-01
                                                        :ARG1-of (s31i / include-91
                                                                       :ARG2 s31d3
                                                                       :ARG3 (s31a3 / all))))
                               :polarity -)))
"	bolt-eng-DF-170-181105-8850361_0028.31
s121d	" <Builder> then the interlocking one..
"	"(s121d / describe-01
       :ARG1 (s121o / one
                    :ARG1-of (s121i2 / interlock-01))
       :temporal (s121t / then))
"	minecraft-3-30-rectangle-chain_1100.121
